SS,NEW
SS,NEW
SS,NEW
SS,NEW
SS,NEW
SS,NEW
SS,NEW
SS,NEW
SS,NEW
SS,NEW
SS,NEW
SS,NEW
SS,NEW
SS,NEW
SS,NEW
SS,NEW
SS,NEW
SS,NEW
SS,NEW
SS,NEW
SS,NEW
SS,NEW
SS,NEW
SS,NEW
SS,NEW
SS,NEW
SS,NEW
SS,NEW
SS,NEW
SS,NEW
SS,NEW
SS,NEW
SS,NEW
SS,NEW
SS,NEW
SS,NEW
SS,NEW
SS,NEW
SS,NEW
SS,NEW
SS,NEW
SS,NEW
SS,NEW
SS,NEW
SS,NEW
SS,NEW
SS,NEW
SS,NEW
SS,NEW
SS,NEW
SS,NEW
SS,NEW
SS,NEW
SS,NEW
SS,NEW
SS,NEW
SS,NEW
SS,NEW
SS,NEW
SS,NEW
SS,NEW
SS,NEW
SS,NEW
SS,NEW
SS,NEW
SS,NEW
SS,NEW
SS,NEW
SS,NEW
SS,NEW
SS,NEW
SS,NEW
SS,NEW
SS,NEW
SS,NEW
SS,NEW
SS,NEW
SS,NEW
SS,NEW
SS,NEW
SS,NEW
SS,NEW
SS,NEW
SS,NEW
SS,NEW
SS,NEW
SS,NEW
SS,NEW
SS,NEW
SS,NEW
SS,NEW
SS,NEW
SS,NEW
SS,NEW
SS,NEW
SS,NEW
SS,NEW
SS,NEW
SS,NEW
SS,NEW
SS,NEW
SS,NEW
SS,NEW
SS,NEW
SS,NEW
SS,NEW
SS,NEW
SS,NEW
SS,NEW
SS,NEW
SS,NEW
SS,NEW
SS,NEW
SS,NEW
SS,NEW
SS,NEW
SS,NEW
SS,NEW
SS,NEW
SS,NEW
SS,NEW
SS,NEW
SS,NEW
SS,NEW
SS,NEW
SS,NEW
SS,NEW
SS,NEW
SS,NEW
SS,NEW
SS,NEW
SS,NEW
SS,NEW
SS,NEW
SS,NEW
SS,NEW
SS,NEW
SS,NEW
SS,NEW
SS,NEW
SS,NEW
SS,NEW
SS,NEW
SS,NEW
SS,NEW
SS,NEW
SS,NEW
SS,NEW
SS,NEW
SS,NEW
SS,NEW
SS,NEW
SS,NEW
SS,NEW
SS,NEW
SS,NEW
SS,NEW
SS,NEW
SS,NEW
SS,NEW
SS,NEW
SS,NEW
SS,NEW
SS,NEW
SS,NEW
SS,NEW
SS,NEW
SS,NEW
SS,NEW
SS,NEW
SS,NEW
SS,NEW
SS,NEW
SS,NEW
SS,NEW
SS,NEW
SS,NEW
SS,NEW
SS,NEW
SS,NEW
SS,NEW
SS,NEW
SS,NEW
SS,NEW
SS,NEW
SS,NEW
SS,NEW
SS,NEW
SS,NEW
SS,NEW
SS,NEW
SS,NEW
SS,NEW
SS,NEW
SS,NEW
SS,NEW
SS,NEW
SS,NEW
SS,NEW
SS,NEW
SS,NEW
SS,NEW
SS,NEW
SS,NEW
SS,NEW
SS,NEW
SS,NEW
SS,NEW
SS,NEW
SS,NEW
SS,NEW
SS,NEW
SS,NEW
SS,NEW
SS,NEW
SS,NEW
SS,NEW
SS,NEW
SS,NEW
SS,NEW
SS,NEW
SS,NEW
SS,NEW
SS,NEW
SS,NEW
SS,NEW
SS,NEW
SS,NEW
SS,NEW
SS,NEW
SS,NEW
SS,NEW
SS,NEW
SS,NEW
SS,NEW
SS,NEW
SS,NEW
SS,NEW
SS,NEW
SS,NEW
SS,NEW
SS,NEW
SS,NEW
SS,NEW
SS,NEW
SS,NEW
SS,NEW
SS,NEW
SS,NEW
SS,NEW
SS,NEW
SS,NEW
SS,NEW
SS,NEW
SS,NEW
SS,NEW
SS,NEW
SS,NEW
SS,NEW
SS,NEW
SS,NEW
SS,NEW
SS,NEW
SS,NEW
SS,NEW
SS,NEW
SS,NEW
SS,NEW
SS,NEW
SS,NEW
SS,NEW
SS,NEW
SS,NEW
SS,NEW
SS,NEW
SS,NEW
SS,NEW
SS,NEW
SS,NEW
SS,NEW
SS,NEW
SS,NEW
SS,NEW
SS,NEW
SS,NEW
SS,NEW
SS,NEW
SS,NEW
SS,NEW
SS,NEW
SS,NEW
SS,NEW
SS,NEW
SS,NEW
SS,NEW
SS,NEW
SS,NEW
SS,NEW
SS,NEW
SS,NEW
SS,NEW
SS,NEW
SS,NEW
SS,NEW
SS,NEW
SS,NEW
SS,NEW
SS,NEW
SS,NEW
SS,NEW
SS,NEW
SS,NEW
SS,NEW
SS,NEW
SS,NEW
SS,NEW
SS,NEW
SS,NEW
SS,NEW
SS,NEW
SS,NEW
SS,NEW
SS,NEW
SS,NEW
SS,NEW
SS,NEW
SS,NEW
SS,NEW
SS,NEW
SS,NEW
SS,NEW
SS,NEW
SS,NEW
SS,NEW
SS,NEW
SS,NEW
SS,NEW
SS,NEW
SS,NEW
SS,NEW
SS,NEW
SS,NEW
SS,NEW
SS,NEW
SS,NEW
SS,NEW
SS,NEW
SS,NEW
SS,NEW
SS,NEW
SS,NEW
SS,NEW
SS,NEW
SS,NEW
SS,NEW
SS,NEW
SS,NEW
SS,NEW
SS,NEW
SS,NEW
SS,NEW
SS,NEW
SS,NEW
SS,NEW
SS,NEW
SS,NEW
SS,NEW
SS,NEW
SS,NEW
SS,NEW
SS,NEW
SS,NEW
SS,NEW
SS,NEW
SS,NEW
SS,NEW
SS,NEW
SS,NEW
SS,NEW
SS,NEW
SS,NEW
SS,NEW
SS,NEW
SS,NEW
SS,NEW
SS,NEW
SS,NEW
SS,NEW
SS,NEW
SS,NEW
SS,NEW
SS,NEW
SS,NEW
SS,NEW
SS,NEW
SS,NEW
SS,NEW
SS,NEW
SS,NEW
SS,NEW
SS,NEW
SS,NEW
SS,NEW
SS,NEW
SS,NEW
SS,NEW
SS,NEW
SS,NEW
SS,NEW
SS,NEW
SS,NEW
SS,NEW
SS,NEW
SS,NEW
SS,NEW
SS,NEW
SS,NEW
SS,NEW
SS,NEW
SS,NEW
SS,NEW
SS,NEW
SS,NEW
SS,NEW
SS,NEW
SS,NEW
SS,NEW
SS,NEW
SS,NEW
SS,NEW
SS,NEW
SS,NEW
SS,NEW
SS,NEW
SS,NEW
SS,NEW
SS,NEW
SS,NEW
SS,NEW
SS,NEW
SS,NEW
SS,NEW
SS,NEW
SS,NEW
SS,NEW
SS,NEW
SS,NEW
SS,NEW
SS,NEW
SS,NEW
SS,NEW
SS,NEW
SS,NEW
SS,NEW
SS,NEW
SS,NEW
SS,NEW
SS,NEW
SS,NEW
SS,NEW
SS,NEW
SS,NEW
SS,NEW
SS,NEW
SS,NEW
SS,NEW
SS,NEW
SS,NEW
SS,NEW
SS,NEW
SS,NEW
SS,NEW
SS,NEW
SS,NEW
SS,NEW
SS,NEW
SS,NEW
SS,NEW
SS,NEW
SS,NEW
SS,NEW
SS,NEW
SS,NEW
SS,NEW
SS,NEW
SS,NEW
SS,NEW
SS,NEW
SS,NEW
SS,NEW
SS,NEW
SS,NEW
SS,NEW
SS,NEW
SS,NEW
SS,NEW
SS,NEW
SS,NEW
SS,NEW
SS,NEW
SS,NEW
SS,NEW
SS,NEW
SS,NEW
SS,NEW
SS,NEW
SS,NEW
SS,NEW
SS,NEW
SS,NEW
SS,NEW
SS,NEW
SS,NEW
SS,NEW
SS,NEW
SS,NEW
SS,NEW
SS,NEW
SS,NEW
SS,NEW
SS,NEW
SS,NEW
SS,NEW
SS,NEW
SS,NEW
SS,NEW
SS,NEW
SS,NEW
SS,NEW
SS,NEW
SS,NEW
SS,NEW
SS,NEW
SS,NEW
SS,NEW
SS,NEW
SS,NEW
SS,NEW
SS,NEW
SS,NEW
SS,NEW
SS,NEW
SS,NEW
SS,NEW
SS,NEW
SS,NEW
SS,NEW
SS,NEW
SS,NEW
SS,NEW
SS,NEW
SS,NEW
SS,NEW
SS,NEW
SS,NEW
SS,NEW
SS,NEW
SS,NEW
SS,NEW
SS,NEW
SS,NEW
SS,NEW
SS,NEW
SS,NEW
SS,NEW
SS,NEW
SS,NEW
SS,NEW
SS,NEW
SS,NEW
SS,NEW
SS,NEW
SS,NEW